title,images
Pareja de barras de mancuerna,['https://cdn.wallapop.com/images/10420/eu/h6/__/c10420p897715906/i3266831267.jpg?pictureSize=W800']
Set mancuernas ,['https://cdn.wallapop.com/images/10420/eu/g2/__/c10420p897664546/i3266390192.jpg?pictureSize=W800']
mancuernas de 6kg para casa ,['https://cdn.wallapop.com/images/10420/eu/gm/__/c10420p897690124/i3266508169.jpg?pictureSize=W800']
2 mancuernas Reebok de 1 kg,['https://cdn.wallapop.com/images/10420/eu/fh/__/c10420p897637679/i3266270659.jpg?pictureSize=W800']
Pack 20 kg mancuernas,['https://cdn.wallapop.com/images/10420/eu/eq/__/c10420p897602843/i3266083456.jpg?pictureSize=W800']
"mancuernas 1,5 kg",['https://cdn.wallapop.com/images/10420/eu/cx/__/c10420p897518173/i3265375785.jpg?pictureSize=W800']
" CINTA DE CORRER, SPINNING, ELIPTICA, MANCUERNAS",['https://cdn.wallapop.com/images/10420/9o/ue/__/c10420p585924412/i2172645630.jpg?pictureSize=W800']
mancuernas de 15 kg,['https://cdn.wallapop.com/images/10420/eu/9p/__/c10420p897368313/i3263791377.jpg?pictureSize=W800']
Completo set de mancuernas profesionales MF sport,['https://cdn.wallapop.com/images/10420/eu/ea/__/c10420p897581887/i3265951374.jpg?pictureSize=W800']
Mancuernas ,['https://cdn.wallapop.com/images/10420/eu/0m/__/c10420p896943760/i3259753650.jpg?pictureSize=W800']
Kit Mancuernas PERPETUAL 30kg,['https://cdn.wallapop.com/images/10420/eu/9u/__/c10420p897374601/i3263816866.jpg?pictureSize=W800']
Set de mancuernas ,['https://cdn.wallapop.com/images/10420/eu/28/__/c10420p897019474/i3260196364.jpg?pictureSize=W800']
BANCO DE PESAS DOMYOS MANCUERNAS 20KG Y TOPES,['https://cdn.wallapop.com/images/10420/eu/ck/__/c10420p897501004/i3265192714.jpg?pictureSize=W800']
MALETIN PESAS ANDY 50KG BARRA MANCUERNAS DISCOS,['https://cdn.wallapop.com/images/10420/eu/c4/__/c10420p897480798/i3264975993.jpg?pictureSize=W800']
MANCUERNAS CON VARIAS PESAS INTERCAMBIABLES ,['https://cdn.wallapop.com/images/10420/eu/7h/__/c10420p897264643/i3262787496.jpg?pictureSize=W800']
MANCUERNAS 20 KG,['https://cdn.wallapop.com/images/10420/eu/fw/__/c10420p897656688/i3266353198.jpg?pictureSize=W800']
Juego de mancuernas ,['https://cdn.wallapop.com/images/10420/eu/0e/__/c10420p896933831/i3259709578.jpg?pictureSize=W800']
"Mancuerna de 12,5kg",['https://cdn.wallapop.com/images/10420/eu/6t/__/c10420p897232500/i3262470133.jpg?pictureSize=W800']
Mancuernas ,['https://cdn.wallapop.com/images/10420/et/yf/__/c10420p896841530/i3259305226.jpg?pictureSize=W800']
Mancuernas y Barra Z con pesas ,['https://cdn.wallapop.com/images/10420/eu/8r/__/c10420p897323563/i3263447624.jpg?pictureSize=W800']
Discos de Mancuernas (x4),['https://cdn.wallapop.com/images/10420/eu/5f/__/c10420p897167815/i3261969861.jpg?pictureSize=W800']
Mancuernas 3 kg,['https://cdn.wallapop.com/images/10420/eu/f6/__/c10420p897622704/i3266204214.jpg?pictureSize=W800']
PROIRON MANCUERNAS 1 KG,['https://cdn.wallapop.com/images/10420/eu/4b/__/c10420p897116262/i3261441224.jpg?pictureSize=W800']
Par de mancuernas 5KG,['https://cdn.wallapop.com/images/10420/eu/f0/__/c10420p897615759/i3266168120.jpg?pictureSize=W800']
BANCO DE MANCUERNAS,['https://cdn.wallapop.com/images/10420/et/vx/__/c10420p896724951/i3258835623.jpg?pictureSize=W800']
"dumbbell o mancuerna 10kgs, cuidada",['https://cdn.wallapop.com/images/10420/eu/4x/__/c10420p897144447/i3261726305.jpg?pictureSize=W800']
NUEVA mancuerna de vinilo de 6KGs,['https://cdn.wallapop.com/images/10420/eu/26/__/c10420p897016311/i3260170502.jpg?pictureSize=W800']
NUEVA Mancuerna de vinilo de 4 KGs,['https://cdn.wallapop.com/images/10420/eu/25/__/c10420p897015597/i3260164698.jpg?pictureSize=W800']
Banco de abdominales con mancuernas de 1 kg,['https://cdn.wallapop.com/images/10420/eu/1x/__/c10420p897004398/i3260102317.jpg?pictureSize=W800']
Mancuernas,['https://cdn.wallapop.com/images/10420/et/sj/__/c10420p896566597/i3258094868.jpg?pictureSize=W800']
Conjunto de mancuernas y barra dominadas,['https://cdn.wallapop.com/images/10420/eu/0p/__/c10420p896948404/i3259770038.jpg?pictureSize=W800']
Nueva MANCUERNA de vinilo 5 KGs (unidad),['https://cdn.wallapop.com/images/10420/eu/26/__/c10420p897016036/i3260168244.jpg?pictureSize=W800']
NUEVA Mancuerna hexagonal de vinilo de 2 KGs ,['https://cdn.wallapop.com/images/10420/eu/25/__/c10420p897014940/i3260159507.jpg?pictureSize=W800']
Pesas de pl√°stico + barra Z + 2 mancuernas,['https://cdn.wallapop.com/images/10420/eu/0y/__/c10420p896959318/i3259839664.jpg?pictureSize=W800']
"Barras, mancuernas y cierres",['https://cdn.wallapop.com/images/10420/et/yk/__/c10420p896847961/i3259330881.jpg?pictureSize=W800']
2 pares de mancuernas de 10 Kg. + 8 discos 5 Kg.,['https://cdn.wallapop.com/images/10420/et/7z/__/c10420p895608301/i3253110623.jpg?pictureSize=W800']
2 x NUEVA mancuerna de vinilo 3 KGs ,['https://cdn.wallapop.com/images/10420/eu/25/__/c10420p897015308/i3260162476.jpg?pictureSize=W800']
MANCUERNAS EXAGONALES  NUEVAS A ESTRENAR,['https://cdn.wallapop.com/images/10420/et/wu/__/c10420p896768022/i3259013396.jpg?pictureSize=W800']
mancuernas  baratas,['https://cdn.wallapop.com/images/10420/et/qw/__/c10420p896490699/i3257790945.jpg?pictureSize=W800']
mancuerna,['https://cdn.wallapop.com/images/10420/eu/1l/__/c10420p896989050/i3260007729.jpg?pictureSize=W800']
Set 2 mancuernas,['https://cdn.wallapop.com/images/10420/et/so/__/c10420p896573112/i3258121568.jpg?pictureSize=W800']
Mancuernas antiguas,['https://cdn.wallapop.com/images/10420/eu/3r/__/c10420p897090906/i3261120060.jpg?pictureSize=W800']
Mancuernas 10KG Cada Una,['https://cdn.wallapop.com/images/10420/et/tu/__/c10420p896627331/i3258376597.jpg?pictureSize=W800']
Mancuernas olimpicas Maniak,['https://cdn.wallapop.com/images/10420/eu/74/__/c10420p897246806/i3262609929.jpg?pictureSize=W800']
Mancuernas de 32 kg,['https://cdn.wallapop.com/images/10420/et/qg/__/c10420p896469222/i3257696882.jpg?pictureSize=W800']
discos para mancuernas ,['https://cdn.wallapop.com/images/10420/eu/1v/__/c10420p897001949/i3260089461.jpg?pictureSize=W800']
Mancuernas 1 kg ,['https://cdn.wallapop.com/images/10420/eu/52/__/c10420p897151152/i3261813203.jpg?pictureSize=W800']
"Par de Mancuernas Decathlon 2,5kg",['https://cdn.wallapop.com/images/10420/et/w6/__/c10420p896737102/i3258884134.jpg?pictureSize=W800']
Mancuernas 4 kg,['https://cdn.wallapop.com/images/10420/et/p7/__/c10420p896411487/i3257467341.jpg?pictureSize=W800']
Set mancuernas Decathlon ,['https://cdn.wallapop.com/images/10420/et/ph/__/c10420p896423882/i3257514460.jpg?pictureSize=W800']
Mancuernas varias,['https://cdn.wallapop.com/images/10420/eu/1c/__/c10420p896977593/i3259928101.jpg?pictureSize=W800']
Mancuernas y juego de pesas,['https://cdn.wallapop.com/images/10420/eu/6m/__/c10420p897223765/i3262382984.jpg?pictureSize=W800']
Mancuerna,['https://cdn.wallapop.com/images/10420/et/y8/__/c10420p896832844/i3259270034.jpg?pictureSize=W800']
mancuernas de 5kg,['https://cdn.wallapop.com/images/10420/et/nr/__/c10420p896343856/i3257130333.jpg?pictureSize=W800']
"Soporte para mancuernas¬†

",['https://cdn.wallapop.com/images/10420/et/j9/__/c10420p896134053/i3256118256.jpg?pictureSize=W800']
mancuernas ,['https://cdn.wallapop.com/images/10420/et/w8/__/c10420p896739829/i3258894833.jpg?pictureSize=W800']
Mancuernas 2 kg,['https://cdn.wallapop.com/images/10420/et/mi/__/c10420p896285376/i3256888571.jpg?pictureSize=W800']
Pesas para mancuernas,['https://cdn.wallapop.com/images/10420/et/zz/__/c10420p896914333/i3264674472.jpg?pictureSize=W800']
LAZY SPORTS Mancuernas Ajustables 15KG,['https://cdn.wallapop.com/images/10420/et/sx/__/c10420p896584993/i3258169506.jpg?pictureSize=W800']
Mancuernas hexagonales,['https://cdn.wallapop.com/images/10420/et/i7/__/c10420p896084821/i3255878386.jpg?pictureSize=W800']
Mancuernas,['https://cdn.wallapop.com/images/10420/et/ut/__/c10420p896672855/i3258616016.jpg?pictureSize=W800']
"Barras para mancuernas,largas 45cm.",['https://cdn.wallapop.com/images/10420/eu/52/__/c10420p897151745/i3261818332.jpg?pictureSize=W800']
CONJUNTO MANCUERNA Y DISCOS ,['https://cdn.wallapop.com/images/10420/et/l2/__/c10420p896218978/i3256611666.jpg?pictureSize=W800']
mancuernas escuch√≥ ofertas ,['https://cdn.wallapop.com/images/10420/et/zz/__/c10420p896914857/i3259604361.jpg?pictureSize=W800']
mancuerna 20 kgs,['https://cdn.wallapop.com/images/10420/et/hz/__/c10420p896075067/i3255829342.jpg?pictureSize=W800']
mancuernas,['https://cdn.wallapop.com/images/10420/et/t4/__/c10420p896593660/i3258208345.jpg?pictureSize=W800']
"Mancuernas varias, total 50kg",['https://cdn.wallapop.com/images/10420/eu/15/__/c10420p896968504/i3259889458.jpg?pictureSize=W800']
Lote mancuernas hexagonales ,['https://cdn.wallapop.com/images/10420/et/y3/__/c10420p896826763/i3259251988.jpg?pictureSize=W800']
Mancuernas,['https://cdn.wallapop.com/images/10420/et/rn/__/c10420p896526099/i3257931172.jpg?pictureSize=W800']
Mancuernas 8kg,['https://cdn.wallapop.com/images/10420/et/y8/__/c10420p896832321/i3259268009.jpg?pictureSize=W800']
Mancuernas ajustables con discos.,['https://cdn.wallapop.com/images/10420/et/xk/__/c10420p896800900/i3259141933.jpg?pictureSize=W800']
Mancuerna de 12.5 Kg,['https://cdn.wallapop.com/images/10420/et/i9/__/c10420p896087352/i3255888874.jpg?pictureSize=W800']
M√°quina de andar y mancuerna ,['https://cdn.wallapop.com/images/10420/et/zk/__/c10420p896895023/i3259523429.jpg?pictureSize=W800']
mancuernas,['https://cdn.wallapop.com/images/10420/et/p6/__/c10420p896410447/i3257464107.jpg?pictureSize=W800']
2 Mancuernas 10kg,['https://cdn.wallapop.com/images/10420/et/gi/__/c10420p896005908/i3255504026.jpg?pictureSize=W800']
Mancuernas ,['https://cdn.wallapop.com/images/10420/et/08/__/c10420p895246965/i3251238997.jpg?pictureSize=W800']
Kettble 8kg - mancuerna ,['https://cdn.wallapop.com/images/10420/et/fb/__/c10420p895949466/i3255216935.jpg?pictureSize=W800']
Banco y mancuernas a estrenar ,['https://cdn.wallapop.com/images/10420/et/x8/__/c10420p896786083/i3259086376.jpg?pictureSize=W800']
Mancuernas hasta 20Kg (ver descripci√≥n),['https://cdn.wallapop.com/images/10420/et/y6/__/c10420p896829582/i3259256844.jpg?pictureSize=W800']
Mancuerna hexagonal,['https://cdn.wallapop.com/images/10420/et/6j/__/c10420p895540950/i3252737521.jpg?pictureSize=W800']
Mancuernas 2 Kg ,['https://cdn.wallapop.com/images/10420/et/b0/__/c10420p895749411/i3254098402.jpg?pictureSize=W800']
Mancuernas,['https://cdn.wallapop.com/images/10420/es/xj/__/c10420p895120112/i3250587603.jpg?pictureSize=W800']
Mancuernas Ajustables ,['https://cdn.wallapop.com/images/10420/et/qj/__/c10420p896473163/i3257713211.jpg?pictureSize=W800']
2 Mancuernas de 5 kg  ,['https://cdn.wallapop.com/images/10420/et/e2/__/c10420p895891782/i3254834304.jpg?pictureSize=W800']
kit mancuernas 20Kg,['https://cdn.wallapop.com/images/10420/et/ut/__/c10420p896673679/i3258619177.jpg?pictureSize=W800']
"Mancuernas mujer 2,5kg",['https://cdn.wallapop.com/images/10420/et/fb/__/c10420p895950525/i3255221938.jpg?pictureSize=W800']
Mancuernas,['https://cdn.wallapop.com/images/10420/es/u6/__/c10420p894963472/i3249876918.jpg?pictureSize=W800']
Mancuernas Pesas,['https://cdn.wallapop.com/images/10420/et/3b/__/c10420p895390180/i3251905086.jpg?pictureSize=W800']
Mancuernas,['https://cdn.wallapop.com/images/10420/et/mu/__/c10420p896300708/i3256953374.jpg?pictureSize=W800']
"soporte de pesas,barra y mancuernas 28mm y 30mm",['https://cdn.wallapop.com/images/10420/eu/5j/__/c10420p897173771/i3262021838.jpg?pictureSize=W800']
Barras de mancuernas fijas,['https://cdn.wallapop.com/images/10420/et/s1/__/c10420p896543138/i3258000450.jpg?pictureSize=W800']
Soporte de pesas barras y mancuernas,['https://cdn.wallapop.com/images/10420/et/wr/__/c10420p896764119/i3258995488.jpg?pictureSize=W800']
Mancuerna de 12 Kg,['https://cdn.wallapop.com/images/10420/et/si/__/c10420p896565494/i3258090438.jpg?pictureSize=W800']
Mancuernas ,['https://cdn.wallapop.com/images/10420/et/kz/__/c10420p896214630/i3256592540.jpg?pictureSize=W800']
"Soporte para mancuernas, pesas...",['https://cdn.wallapop.com/images/10420/et/4d/__/c10420p895439346/i3252182176.jpg?pictureSize=W800']
"Soporte para discos, barra y mancuernas",['https://cdn.wallapop.com/images/10420/et/uv/__/c10420p896675298/i3258625711.jpg?pictureSize=W800']
Mancuernas 1kg vinilo (NUEVO) OFERTA,['https://cdn.wallapop.com/images/10420/e8/yh/__/c10420p861572337/i3057114268.jpg?pictureSize=W800']
Mancuernas/pesas 1 kilo,['https://cdn.wallapop.com/images/10420/et/9u/__/c10420p895694664/i3253761553.jpg?pictureSize=W800']
Lote de dos mancuernas de 15 kg ,['https://cdn.wallapop.com/images/10420/et/bc/__/c10420p895764474/i3254194273.jpg?pictureSize=W800']
Mancuernas de agua 20-26kg,['https://cdn.wallapop.com/images/10420/et/di/__/c10420p895866038/i3254713598.jpg?pictureSize=W800']
Kit mancuernas 20kg,['https://cdn.wallapop.com/images/10420/et/5u/__/c10420p895508023/i3252555403.jpg?pictureSize=W800']
2x Mancuernas Ajustables 2x20kg,['https://cdn.wallapop.com/images/10420/ec/vd/__/c10420p868145316/i3099230727.jpg?pictureSize=W800']
Malet√≠n mancuernas 20 kilos,['https://cdn.wallapop.com/images/10420/et/r9/__/c10420p896507237/i3257859334.jpg?pictureSize=W800']
Mancuernas y banco musculaci√≥n,['https://cdn.wallapop.com/images/10420/et/5v/__/c10420p895508942/i3252560398.jpg?pictureSize=W800']
juego de pesas y mancuernas ,['https://cdn.wallapop.com/images/10420/et/ql/__/c10420p896475738/i3257723765.jpg?pictureSize=W800']
*Sin estrenar* Mancuernas Hexagonales ,['https://cdn.wallapop.com/images/10420/et/o6/__/c10420p896362861/i3257210112.jpg?pictureSize=W800']
Mancuernas de 2.5kg a 30kg ,['https://cdn.wallapop.com/images/10420/et/bg/__/c10420p895769566/i3254230781.jpg?pictureSize=W800']
mancuerna,['https://cdn.wallapop.com/images/10420/et/gp/__/c10420p896014864/i3255541486.jpg?pictureSize=W800']
"1 mancuerna de 12,5kg",['https://cdn.wallapop.com/images/10420/et/rv/__/c10420p896536141/i3257971743.jpg?pictureSize=W800']
"Mancuernas Hexagonales 12,5kg",['https://cdn.wallapop.com/images/10420/et/ru/__/c10420p896534829/i3257966465.jpg?pictureSize=W800']
Mancuernas Ajustables ,['https://cdn.wallapop.com/images/10420/et/jb/__/c10420p896136664/i3256134025.jpg?pictureSize=W800']
Mancuernas 2x12kg,['https://cdn.wallapop.com/images/10420/et/rg/__/c10420p896516114/i3257892129.jpg?pictureSize=W800']
Mancuernas 2x14kg,['https://cdn.wallapop.com/images/10420/et/re/__/c10420p896514003/i3257884444.jpg?pictureSize=W800']
mancuernas ,['https://cdn.wallapop.com/images/10420/es/bz/__/c10420p894114905/i3245906662.jpg?pictureSize=W800']
Mancuernas 9 kg ,['https://cdn.wallapop.com/images/10420/es/pp/__/c10420p894755135/i3248947813.jpg?pictureSize=W800']
Mancuernas hexagonales barras ol√≠mpicas discos oli,['https://cdn.wallapop.com/images/10420/ej/ep/__/c10420p879125846/i3164410661.jpg?pictureSize=W800']
mancuernas ,['https://cdn.wallapop.com/images/10420/et/d8/__/c10420p895852272/i3254639018.jpg?pictureSize=W800']
"Mancuernas 2 x 10,5kg",['https://cdn.wallapop.com/images/10420/et/rc/__/c10420p896511788/i3257876068.jpg?pictureSize=W800']
Soporte de pesas discos barras y mancuernas,['https://cdn.wallapop.com/images/10420/et/s4/__/c10420p896547863/i3258019868.jpg?pictureSize=W800']
kit mancuernas ajustables+barra dominadas+banco ,['https://cdn.wallapop.com/images/10420/et/r2/__/c10420p896498019/i3257822325.jpg?pictureSize=W800']
MANCUERNAS 15KG+15KG CAUCHO Y MAS GRANDES,['https://cdn.wallapop.com/images/10420/et/ah/__/c10420p895724779/i3253979200.jpg?pictureSize=W800']
üí• 2 Mancuernas Ajustables 36kg Incremento 2kg,['https://cdn.wallapop.com/images/10420/et/ag/__/c10420p895723591/i3253971564.jpg?pictureSize=W800']
Mancuernas,['https://cdn.wallapop.com/images/10420/es/24/__/c10420p893655303/i3243431480.jpg?pictureSize=W800']
Mancuernas 1kg,['https://cdn.wallapop.com/images/10420/es/lt/__/c10420p894573745/i3248149353.jpg?pictureSize=W800']
Mancuernas 2 X 10 Kilos cada una ,['https://cdn.wallapop.com/images/10420/et/qv/__/c10420p896488878/i3257783083.jpg?pictureSize=W800']
Kit de pesas y mancuernas 30 kg,['https://cdn.wallapop.com/images/10420/et/1o/__/c10420p895314278/i3251561398.jpg?pictureSize=W800']
mancuernas de 2 kilos ,['https://cdn.wallapop.com/images/10420/es/j0/__/c10420p894443282/i3247604323.jpg?pictureSize=W800']
Mancuernas 20kg umi (marca Amazon),['https://cdn.wallapop.com/images/10420/et/1s/__/c10420p895319134/i3251580243.jpg?pictureSize=W800']
KIT PESAS BARRA DISCOS MANCUERNAS,['https://cdn.wallapop.com/images/10420/es/uq/__/c10420p894990109/i3250002694.jpg?pictureSize=W800']
Juego de mancuernas ajustables 2 en 1,['https://cdn.wallapop.com/images/10420/eq/q1/__/c10420p891411866/i3231616110.jpg?pictureSize=W800']
Mancuernas 2kg ,['https://cdn.wallapop.com/images/10420/es/d2/__/c10420p894165826/i3246224107.jpg?pictureSize=W800']
Juego Mancuernas,['https://cdn.wallapop.com/images/10420/es/31/__/c10420p893697463/i3243641917.jpg?pictureSize=W800']
Mancuernas ,['https://cdn.wallapop.com/images/10420/er/q6/__/c10420p893098194/i3240567431.jpg?pictureSize=W800']
mancuerna ajustable 3 en 1 hasta 18kg,['https://cdn.wallapop.com/images/10420/eq/pw/__/c10420p891405203/i3231586335.jpg?pictureSize=W800']
Mancuerna/Pesa 10kg discos desmontables,['https://cdn.wallapop.com/images/10420/es/ta/__/c10420p894922143/i3249674877.jpg?pictureSize=W800']
soporte de pesas barras y mancuernas,['https://cdn.wallapop.com/images/10420/et/jt/__/c10420p896159955/i3256333204.jpg?pictureSize=W800']
Pack mancuernas y pesas,['https://cdn.wallapop.com/images/10420/et/i8/__/c10420p896085910/i3255882746.jpg?pictureSize=W800']
MANCUERNAS - PESAS ,['https://cdn.wallapop.com/images/10420/es/07/__/c10420p893565760/i3242929917.jpg?pictureSize=W800']
PESAS KIT BARRA Z DISCOS MANCUERNAS,['https://cdn.wallapop.com/images/10420/es/sh/__/c10420p894885096/i3249475188.jpg?pictureSize=W800']
juego de mancuernas.,['https://cdn.wallapop.com/images/10420/et/8c/__/c10420p895624511/i3253169512.jpg?pictureSize=W800']
Mancuernas acolchadas de 1.15kg,['https://cdn.wallapop.com/images/10420/es/kf/__/c10420p894508851/i3247886472.jpg?pictureSize=W800']
soporte mancuernas,['https://cdn.wallapop.com/images/10420/et/5m/__/c10420p895497694/i3252483285.jpg?pictureSize=W800']
mancuernas ,['https://cdn.wallapop.com/images/10420/er/dl/__/c10420p892510583/i3237693089.jpg?pictureSize=W800']
Mancuernas Gimnasio ,['https://cdn.wallapop.com/images/10420/er/u7/__/c10420p893285660/i3241406469.jpg?pictureSize=W800']
6 Mancuernas cromadas pesos varios ,['https://cdn.wallapop.com/images/10420/es/fn/__/c10420p894286156/i3246809238.jpg?pictureSize=W800']
Kit mancuernas m√°s pesos,['https://cdn.wallapop.com/images/10420/es/12/__/c10420p893605009/i3243121766.jpg?pictureSize=W800']
Mancuernas ajustables Bowflex 552i,['https://cdn.wallapop.com/images/10420/es/fg/__/c10420p894277502/i3246771196.jpg?pictureSize=W800']
Step con mancuernas ,['https://cdn.wallapop.com/images/10420/er/ml/__/c10420p892930804/i3239838848.jpg?pictureSize=W800']
Mancuernas,['https://cdn.wallapop.com/images/10420/es/v7/__/c10420p895011442/i3250102741.jpg?pictureSize=W800']
Mancuernas Every ,['https://cdn.wallapop.com/images/10420/er/4j/__/c10420p892087631/i3235285470.jpg?pictureSize=W800']
Pesas Mancuernas ,['https://cdn.wallapop.com/images/10420/et/34/__/c10420p895380679/i3251858719.jpg?pictureSize=W800']
pesas set mancuernas ,['https://cdn.wallapop.com/images/10420/et/7d/__/c10420p895579204/i3252944585.jpg?pictureSize=W800']
Pack de 2 mancuernas de 15 kg cada una ,['https://cdn.wallapop.com/images/10420/es/ix/__/c10420p894438853/i3247585470.jpg?pictureSize=W800']
set de mancuernas ,['https://cdn.wallapop.com/images/10420/er/gx/__/c10420p892665933/i3238665006.jpg?pictureSize=W800']
MANCUERNAS 20 KG ,['https://cdn.wallapop.com/images/10420/et/6g/__/c10420p895536446/i3252711768.jpg?pictureSize=W800']
mancuernas de 3 kg ,['https://cdn.wallapop.com/images/10420/et/5b/__/c10420p895483201/i3252414436.jpg?pictureSize=W800']
Mancuernas 4 kg,['https://cdn.wallapop.com/images/10420/et/5a/__/c10420p895482203/i3252408083.jpg?pictureSize=W800']
MANCUERNA 14 KG ,['https://cdn.wallapop.com/images/10420/er/vm/__/c10420p893351876/i3241695916.jpg?pictureSize=W800']
Par de mancuernas ,['https://cdn.wallapop.com/images/10420/er/h5/__/c10420p892675981/i3238707499.jpg?pictureSize=W800']
Mancuernas ajustables 2 a 20kg,['https://cdn.wallapop.com/images/10420/en/m3/__/c10420p886188453/i3209060132.jpg?pictureSize=W800']
Banco modular y mancuernas,['https://cdn.wallapop.com/images/10420/es/1q/__/c10420p893637274/i3243317181.jpg?pictureSize=W800']
"Mancuernas Hexagonales 12,5Kg ¬°NUEVAS!",['https://cdn.wallapop.com/images/10420/et/gl/__/c10420p896010310/i3255523083.jpg?pictureSize=W800']
Mancuerna Hexagonal 15kg,['https://cdn.wallapop.com/images/10420/es/16/__/c10420p893610533/i3243144033.jpg?pictureSize=W800']
kit 2 mancuernas 10 kilos,['https://cdn.wallapop.com/images/10420/et/ck/__/c10420p895821174/i3254494916.jpg?pictureSize=W800']
2 juegos de 2mancuernas Boomerang de 20 kg cadauno,['https://cdn.wallapop.com/images/10420/es/n2/__/c10420p894631861/i3248412815.jpg?pictureSize=W800']
Mancuerna de 13 Kg,['https://cdn.wallapop.com/images/10420/er/m6/__/c10420p892911540/i3239758917.jpg?pictureSize=W800']
MANCUERNAS EXAGONALES NUEVAS,['https://cdn.wallapop.com/images/10420/et/32/__/c10420p895379143/i3251850513.jpg?pictureSize=W800']
Mancuerna con 7 kilos.,['https://cdn.wallapop.com/images/10420/et/2m/__/c10420p895357847/i3251756968.jpg?pictureSize=W800']
Set de mancuernas y cierres de pinza,['https://cdn.wallapop.com/images/10420/es/5y/__/c10420p893833220/i3244307822.jpg?pictureSize=W800']
SOLO HOY URGE! BANCO PESAS MUSCULACION MANCUERNAS ,['https://cdn.wallapop.com/images/10420/es/b0/__/c10420p894069319/i3245697604.jpg?pictureSize=W800']
Vendo juego de mancuernas y banco de musculacion.,['https://cdn.wallapop.com/images/10420/es/ac/__/c10420p894038586/i3245548453.jpg?pictureSize=W800']
Juego de mancuernas ,['https://cdn.wallapop.com/images/10420/es/tt/__/c10420p894946659/i3249796800.jpg?pictureSize=W800']
"pesas, mancuernas ",['https://cdn.wallapop.com/images/10420/er/4g/__/c10420p892083567/i3235262656.jpg?pictureSize=W800']
Mancuernas 2x25kg,['https://cdn.wallapop.com/images/10420/et/9e/__/c10420p895674669/i3253499184.jpg?pictureSize=W800']
Pesas Domyos Discos mancuernas agarres,['https://cdn.wallapop.com/images/10420/et/8o/__/c10420p895640146/i3261908211.jpg?pictureSize=W800']
Pesa Mancuerna 8 KG A ESTRENAR. ,['https://cdn.wallapop.com/images/10420/er/xi/__/c10420p893439722/i3242195976.jpg?pictureSize=W800']
Mancuernas regulables 10kg,['https://cdn.wallapop.com/images/10420/er/od/__/c10420p893013438/i3240170662.jpg?pictureSize=W800']
 Juego de Pesas con Mancuernas Ajustables 20/32KG,['https://cdn.wallapop.com/images/10420/ek/i0/__/c10420p880958889/i3176479099.jpg?pictureSize=W800']
Mancuernas con rosca,['https://cdn.wallapop.com/images/10420/eq/wd/__/c10420p891707355/i3233194071.jpg?pictureSize=W800']
Mancuerna 9 Kg ,['https://cdn.wallapop.com/images/10420/er/ap/__/c10420p892376109/i3237020180.jpg?pictureSize=W800']
BODYPUMP + MANCUERNAS + STEP + RUEDA ...ETC,['https://cdn.wallapop.com/images/10420/et/29/__/c10420p895341228/i3251682842.jpg?pictureSize=W800']
Soporte para mancuernas regulables ,['https://cdn.wallapop.com/images/10420/er/b5/__/c10420p892396601/i3237115527.jpg?pictureSize=W800']
Mancuernas y Banco,['https://cdn.wallapop.com/images/10420/es/u9/__/c10420p894967733/i3249898131.jpg?pictureSize=W800']
Barras para mancuernas,['https://cdn.wallapop.com/images/10420/es/ps/__/c10420p894759464/i3248965017.jpg?pictureSize=W800']
Mancuernas 5kg,['https://cdn.wallapop.com/images/10420/es/sz/__/c10420p894907797/i3249603745.jpg?pictureSize=W800']
LOTE DE MANCUERNAS  URETANO ZIVA ,['https://cdn.wallapop.com/images/10420/et/0v/__/c10420p895275595/i3251373152.jpg?pictureSize=W800']
vendo Mancuernas de 10kg con barra para hoy mismo ,['https://cdn.wallapop.com/images/10420/es/71/__/c10420p893884150/i3244698701.jpg?pictureSize=W800']
mancuernas ,['https://cdn.wallapop.com/images/10420/eq/72/__/c10420p890526498/i3227402340.jpg?pictureSize=W800']
10kg mancuernas pesas cada una,['https://cdn.wallapop.com/images/10420/et/43/__/c10420p895425987/i3252108336.jpg?pictureSize=W800']
mancuerna 12.5 Kg  1und,['https://cdn.wallapop.com/images/10420/er/y3/__/c10420p893466439/i3242375004.jpg?pictureSize=W800']
Mancuerna 5kg,['https://cdn.wallapop.com/images/10420/er/3g/__/c10420p892037255/i3234959347.jpg?pictureSize=W800']
Juego mancuernas hexagonales 5-25kg,['https://cdn.wallapop.com/images/10420/et/8a/__/c10420p895622569/i3253157872.jpg?pictureSize=W800']
Pesa Mancuerna Hexagonal 15 KG A ESTRENAR,['https://cdn.wallapop.com/images/10420/er/xj/__/c10420p893440380/i3242200969.jpg?pictureSize=W800']
"Mancuernas de 5, 3 y 2 kg. ",['https://cdn.wallapop.com/images/10420/et/se/__/c10420p896560245/i3258069090.jpg?pictureSize=W800']
"2 Mancuernas de 17,5kg",['https://cdn.wallapop.com/images/10420/er/m3/__/c10420p892906973/i3239739022.jpg?pictureSize=W800']
Guantes mancuernas,['https://cdn.wallapop.com/images/10420/eq/i7/__/c10420p891045727/i3229944195.jpg?pictureSize=W800']
Mancuernas,['https://cdn.wallapop.com/images/10420/eq/0q/__/c10420p890231091/i3225798262.jpg?pictureSize=W800']
mancuernas pesas,['https://cdn.wallapop.com/images/10420/eq/j0/__/c10420p891084146/i3230100620.jpg?pictureSize=W800']
"Mancuernas acero cromo 1,5 kg",['https://cdn.wallapop.com/images/10420/er/wa/__/c10420p893382279/i3241878658.jpg?pictureSize=W800']
Bowflex SelectTech - Mancuerna ajustable,['https://cdn.wallapop.com/images/10420/es/wc/__/c10420p895064889/i3250345747.jpg?pictureSize=W800']
mancuernas riscko ajustables,['https://cdn.wallapop.com/images/10420/es/ou/__/c10420p894715351/i3248779944.jpg?pictureSize=W800']
Mancuernas 2kg cada una,['https://cdn.wallapop.com/images/10420/es/uv/__/c10420p894995876/i3250026370.jpg?pictureSize=W800']
Mancuernas 1kg,['https://cdn.wallapop.com/images/10420/eq/nt/__/c10420p891307308/i3231151761.jpg?pictureSize=W800']
Mancuerna 2 kg,['https://cdn.wallapop.com/images/10420/es/mb/__/c10420p894596926/i3248247302.jpg?pictureSize=W800']
Pack de mancuernas 15 kg Nuevas!,['https://cdn.wallapop.com/images/10420/er/dk/__/c10420p892509348/i3237686422.jpg?pictureSize=W800']
Kit Mancuerna 20 Kg,['https://cdn.wallapop.com/images/10420/es/rz/__/c10420p894860999/i3249373924.jpg?pictureSize=W800']
Pesas / Mancuernas,['https://cdn.wallapop.com/images/10420/eq/8y/__/c10420p890614240/i3227915528.jpg?pictureSize=W800']
Mancuernas de 21 kg cada una,['https://cdn.wallapop.com/images/10420/er/2l/__/c10420p891996974/i3234762371.jpg?pictureSize=W800']
Mancuernas Bowflex SelectTech 552i,['https://cdn.wallapop.com/images/10420/es/uu/__/c10420p894994965/i3250028252.jpg?pictureSize=W800']
LOTE DE MANCUERNAS  ZIVA  ( de 42 a 50 kilos) ,['https://cdn.wallapop.com/images/10420/et/0u/__/c10420p895274586/i3251367961.jpg?pictureSize=W800']
Kit mancuernas + barra de 29 kg,['https://cdn.wallapop.com/images/10420/es/sy/__/c10420p894907312/i3249600546.jpg?pictureSize=W800']
Pesas y mancuernas ,['https://cdn.wallapop.com/images/10420/eq/fe/__/c10420p890914515/i3229280480.jpg?pictureSize=W800']
Mancuernas,['https://cdn.wallapop.com/images/10420/eo/h1/__/c10420p887632816/i3216163255.jpg?pictureSize=W800']
Antigua mancuerna de forzudo,['https://cdn.wallapop.com/images/10420/et/g3/__/c10420p895986723/i3255407680.jpg?pictureSize=W800']
NUEVA PESA MANCUERNA VINILO 6 KG (PRECIO UNIDAD),['https://cdn.wallapop.com/images/10420/er/xo/__/c10420p893447300/i3242246761.jpg?pictureSize=W800']
NUEVA PESA MANCUERNA VINILO 5 KG (PRECIO UNIDAD),['https://cdn.wallapop.com/images/10420/er/xo/__/c10420p893447064/i3242245232.jpg?pictureSize=W800']
NUEVA PESA MANCUERNA VINILO 4 KG (PRECIO UNIDAD),['https://cdn.wallapop.com/images/10420/er/xn/__/c10420p893446711/i3242242523.jpg?pictureSize=W800']
NUEVA PESA MANCUERNA VINILO 3 KG (PRECIO UNIDAD),['https://cdn.wallapop.com/images/10420/er/xn/__/c10420p893446317/i3242240017.jpg?pictureSize=W800']
NUEVA PESA MANCUERNA VINILO 2 KG (PRECIO UNIDAD),['https://cdn.wallapop.com/images/10420/er/xn/__/c10420p893446107/i3242238700.jpg?pictureSize=W800']
2 Mancuernas hexagonales 15 kg ¬°NUEVAS!,['https://cdn.wallapop.com/images/10420/er/fx/__/c10420p892619911/i3238465219.jpg?pictureSize=W800']
Mancuernas 2x1 Kg verde  Mancuernas ergon√≥micas,['https://cdn.wallapop.com/images/10420/eq/jb/__/c10420p891097212/i3230158599.jpg?pictureSize=W800']
CCLIFE Mancuernas Ajustables Pesas y Mancuernas co,['https://cdn.wallapop.com/images/10420/eq/8k/__/c10420p890596910/i3227814407.jpg?pictureSize=W800']
Mancuernas,['https://cdn.wallapop.com/images/10420/eo/hq/__/c10420p887664699/i3216314129.jpg?pictureSize=W800']
Mancuernas Ajustables 48kg,['https://cdn.wallapop.com/images/10420/es/mb/__/c10420p894597528/i3248249869.jpg?pictureSize=W800']
Pesa  mancuerna 5Kg,['https://cdn.wallapop.com/images/10420/eq/w8/__/c10420p891700670/i3233153271.jpg?pictureSize=W800']
Mancuernas ,['https://cdn.wallapop.com/images/10420/er/rv/__/c10420p893176491/i3240934748.jpg?pictureSize=W800']
Set de Barras y Mancuernas ,['https://cdn.wallapop.com/images/10420/eq/r4/__/c10420p891462534/i3231833787.jpg?pictureSize=W800']
Mancuernas 20kg m√°s barra,['https://cdn.wallapop.com/images/10420/eq/og/__/c10420p891337056/i3231280564.jpg?pictureSize=W800']
mancuernas ,['https://cdn.wallapop.com/images/10420/er/rm/__/c10420p893165453/i3240882188.jpg?pictureSize=W800']
2 Mancuernas NUEVAS ,['https://cdn.wallapop.com/images/10420/es/e5/__/c10420p894215682/i3246472331.jpg?pictureSize=W800']
KIT PESAS BARRA Z MANCUERNAS DISCOS 5KG 2KG 1KG,['https://cdn.wallapop.com/images/10420/es/e5/__/c10420p894216178/i3246475640.jpg?pictureSize=W800']
SOLO HOY URGE! BANCO PESAS BARRA 1.2 MANCUERNA 10k,['https://cdn.wallapop.com/images/10420/es/4l/__/c10420p893770799/i3243990704.jpg?pictureSize=W800']
MANCUERNAS 10 KG,['https://cdn.wallapop.com/images/10420/eq/cf/__/c10420p890776688/i3228595169.jpg?pictureSize=W800']
mancuernas 1kg,['https://cdn.wallapop.com/images/10420/eq/84/__/c10420p890575887/i3227678894.jpg?pictureSize=W800']
Mancuernas bowflex ,['https://cdn.wallapop.com/images/10420/eo/vx/__/c10420p888326642/i3219651571.jpg?pictureSize=W800']
Mancuernas Decathlon,['https://cdn.wallapop.com/images/10420/eo/v9/__/c10420p888296339/i3219288053.jpg?pictureSize=W800']
Mancuerna DECATHLON ,['https://cdn.wallapop.com/images/10420/eo/s7/__/c10420p888152827/i3218490992.jpg?pictureSize=W800']
Mancuerna hexagonal 25kg,['https://cdn.wallapop.com/images/10420/eq/g5/__/c10420p890949622/i3229423995.jpg?pictureSize=W800']
Mancuerna de 10 kg negra buen estado,['https://cdn.wallapop.com/images/10420/es/wc/__/c10420p895064432/i3250344091.jpg?pictureSize=W800']
Discos para mancuernas de 1kg,['https://cdn.wallapop.com/images/10420/eq/fr/__/c10420p890931498/i3229350920.jpg?pictureSize=W800']
mancuerna 10 kg,['https://cdn.wallapop.com/images/10420/es/9b/__/c10420p893990875/i3245318883.jpg?pictureSize=W800']
MANCUERNAS DE GOMA - DISCOS OLIMPICOS,['https://cdn.wallapop.com/images/10420/ba/zk/__/c10420p683583935/i2933562248.jpg?pictureSize=W800']
Mancuernas regulables domyos,['https://cdn.wallapop.com/images/10420/es/bk/__/c10420p894095619/i3245812621.jpg?pictureSize=W800']
Mancuernas,['https://cdn.wallapop.com/images/10420/er/g2/__/c10420p892626402/i3238492648.jpg?pictureSize=W800']
"Mancuerna 17,5kg (Hago env√≠os)",['https://cdn.wallapop.com/images/10420/er/23/__/c10420p891974440/i3234660268.jpg?pictureSize=W800']
Mancuernas Ajustables,['https://cdn.wallapop.com/images/10420/er/vq/__/c10420p893356456/i3241720664.jpg?pictureSize=W800']
Mancuerna de 10kgs,['https://cdn.wallapop.com/images/10420/es/6j/__/c10420p893861306/i3244452950.jpg?pictureSize=W800']
kit de mancuernas y suporte ,['https://cdn.wallapop.com/images/10420/es/f8/__/c10420p894266732/i3246728240.jpg?pictureSize=W800']
Soporte de Mancuernas Vertical 10 pares piramide,['https://cdn.wallapop.com/images/10420/eq/zv/__/c10420p891870036/i3234107313.jpg?pictureSize=W800']
Discos de mancuernas o barra ,['https://cdn.wallapop.com/images/10420/es/ea/__/c10420p894222085/i3246508088.jpg?pictureSize=W800']
mancuernas de 1kg,['https://cdn.wallapop.com/images/10420/es/4z/__/c10420p893787948/i3244082448.jpg?pictureSize=W800']
"Mancuernas fijas 6,5kg gym",['https://cdn.wallapop.com/images/10420/es/pf/__/c10420p894742625/i3248895687.jpg?pictureSize=W800']
Set para mancuernas 10kg. Juntas o por separado,['https://cdn.wallapop.com/images/10420/es/3n/__/c10420p893726759/i3243777332.jpg?pictureSize=W800']
"51,5kg mancuernas fijas Gym",['https://cdn.wallapop.com/images/10420/es/p7/__/c10420p894731813/i3248849020.jpg?pictureSize=W800']
mancuernas x2 hexagonal 15 kilos ,['https://cdn.wallapop.com/images/10420/eq/vw/__/c10420p891684504/i3233056460.jpg?pictureSize=W800']
"lote pesas 20kg, mancuernas y barra",['https://cdn.wallapop.com/images/10420/es/tl/__/c10420p894936209/i3249753671.jpg?pictureSize=W800']
Mancuernero con mancuernas hexagonales ,['https://cdn.wallapop.com/images/10420/eo/up/__/c10420p888269746/i3219100406.jpg?pictureSize=W800']
Mancuernas pesas,['https://cdn.wallapop.com/images/10420/er/px/__/c10420p893085564/i3240511782.jpg?pictureSize=W800']
mancuerna de 10kg,['https://cdn.wallapop.com/images/10420/eo/r0/__/c10420p888097640/i3218268969.jpg?pictureSize=W800']
Mancuernas 8 kg,['https://cdn.wallapop.com/images/10420/eo/r7/__/c10420p888106729/i3218306203.jpg?pictureSize=W800']
mancuernas 10kg dos unidades. ,['https://cdn.wallapop.com/images/10420/es/g0/__/c10420p894303018/i3251693419.jpg?pictureSize=W800']
Mancuerna,['https://cdn.wallapop.com/images/10420/er/7w/__/c10420p892244661/i3236320239.jpg?pictureSize=W800']
Set de pesas o mancuernas 4KG y 6KG ,['https://cdn.wallapop.com/images/10420/er/iv/__/c10420p892756324/i3239035337.jpg?pictureSize=W800']
Mancuernas,['https://cdn.wallapop.com/images/10420/en/2o/__/c10420p885283328/i3203779120.jpg?pictureSize=W800']
MANCUERNA 10 kg,['https://cdn.wallapop.com/images/10420/er/xv/__/c10420p893456113/i3242301990.jpg?pictureSize=W800']
Pesas mancuernas hexagonales 25 kg ,['https://cdn.wallapop.com/images/10420/es/dd/__/c10420p894179763/i3246298461.jpg?pictureSize=W800']
Juego Mancuernas 20kg,['https://cdn.wallapop.com/images/10420/eq/18/__/c10420p890254572/i3226015161.jpg?pictureSize=W800']
Mancuerna con pesas ,['https://cdn.wallapop.com/images/10420/er/h0/__/c10420p892670141/i3238683996.jpg?pictureSize=W800']
Mancuernas Nuevas,['https://cdn.wallapop.com/images/10420/er/gr/__/c10420p892658036/i3238628403.jpg?pictureSize=W800']
MANCUERNAS DE 12'5 KG,['https://cdn.wallapop.com/images/10420/es/3w/__/c10420p893737479/i3243829055.jpg?pictureSize=W800']
MANCUERNAS DE URETANO ZIVA ,['https://cdn.wallapop.com/images/10420/eo/ia/__/c10420p887690607/i3216449000.jpg?pictureSize=W800']
PROIRON Kit de Mancuernas Ajustables 20kg,['https://cdn.wallapop.com/images/10420/eq/if/__/c10420p891056469/i3229987913.jpg?pictureSize=W800']
Pack 3 mancuernas ,['https://cdn.wallapop.com/images/10420/er/z9/__/c10420p893520805/i3242686152.jpg?pictureSize=W800']
OFERTA MUltigimnasio+set mancuernas 55 KG,['https://cdn.wallapop.com/images/10420/eq/ex/__/c10420p890893440/i3229197568.jpg?pictureSize=W800']
"Pesas , mancuernas , barra",['https://cdn.wallapop.com/images/10420/er/tz/__/c10420p893274948/i3241362432.jpg?pictureSize=W800']
Mancuerna ,['https://cdn.wallapop.com/images/10420/eq/wq/__/c10420p891724039/i3233281068.jpg?pictureSize=W800']
Set de 2 mancuernas graduables hasta 24 Kg,['https://cdn.wallapop.com/images/10420/eq/x7/__/c10420p891746038/i3233381286.jpg?pictureSize=W800']
KIT PESAS MANCUERNAS 20kg,['https://cdn.wallapop.com/images/10420/es/9e/__/c10420p893994598/i3245341765.jpg?pictureSize=W800']
Mancuerna regulable hasta 40kg,['https://cdn.wallapop.com/images/10420/eq/4s/__/c10420p890419430/i3226931778.jpg?pictureSize=W800']
SALTER Mancuerna / Barra para pesas,['https://cdn.wallapop.com/images/10420/er/yb/__/c10420p893477814/i3242444154.jpg?pictureSize=W800']
