title,images
Raton game ,['http://cdn.wallapop.com/images/10420/el/t4/__/c10420p883156713/i3189683271.jpg?pictureSize=W800']
Mouse Apple,['http://cdn.wallapop.com/images/10420/el/ss/__/c10420p883141890/i3189615604.jpg?pictureSize=W800']
Raton Logitech inalambrico,['http://cdn.wallapop.com/images/10420/el/t1/__/c10420p883153487/i3189669799.jpg?pictureSize=W800']
Rat√≥n Gaming RGB,['http://cdn.wallapop.com/images/10420/el/su/__/c10420p883144656/i3189628131.jpg?pictureSize=W800']
Magic Mouse de Apple,['http://cdn.wallapop.com/images/10420/el/su/__/c10420p883144014/i3189624814.jpg?pictureSize=W800']
Rat√≥n XPERT-G900,['http://cdn.wallapop.com/images/10420/el/tp/__/c10420p883185087/i3189805175.jpg?pictureSize=W800']
Raton,['http://cdn.wallapop.com/images/10420/el/qc/__/c10420p883027383/i3189075795.jpg?pictureSize=W800']
Rat√≥n Gaming ,['http://cdn.wallapop.com/images/10420/el/rb/__/c10420p883073031/i3189284720.jpg?pictureSize=W800']
Rat√≥n NGS Gaming RGB,['http://cdn.wallapop.com/images/10420/el/st/__/c10420p883142609/i3189618651.jpg?pictureSize=W800']
Rat√≥n Gaming ,['http://cdn.wallapop.com/images/10420/el/qv/__/c10420p883052344/i3189177822.jpg?pictureSize=W800']
Logitech Pebble M350 Rat√≥n inal√°mbrico,['http://cdn.wallapop.com/images/10420/el/tv/__/c10420p883192557/i3189844187.jpg?pictureSize=W800']
Rat√≥n Logitech M90,['http://cdn.wallapop.com/images/10420/el/s5/__/c10420p883112503/i3189487028.jpg?pictureSize=W800']
Rat√≥n ordenador con cable,['http://cdn.wallapop.com/images/10420/el/qw/__/c10420p883053363/i3189181388.jpg?pictureSize=W800']
RAT√ìN GAMER CON LUCES,['http://cdn.wallapop.com/images/10420/el/qz/__/c10420p883057339/i3189201603.jpg?pictureSize=W800']
RATON VERTICAL ,['http://cdn.wallapop.com/images/10420/el/pr/__/c10420p883000444/i3188955250.jpg?pictureSize=W800']
Rat√≥n inal√°mbrico Logitech Signature M650,['http://cdn.wallapop.com/images/10420/el/t2/__/c10420p883154615/i3189674486.jpg?pictureSize=W800']
Logitech MK220 Combo Teclado y Raton inalambrico,['http://cdn.wallapop.com/images/10420/el/tq/__/c10420p883185686/i3189808161.jpg?pictureSize=W800']
Ratones Mac 1152,['http://cdn.wallapop.com/images/10420/el/pu/__/c10420p883003852/i3188969874.jpg?pictureSize=W800']
Magic Mouse 2 Apple ,['http://cdn.wallapop.com/images/10420/el/q0/__/c10420p883012698/i3189012089.jpg?pictureSize=W800']
TECLADO y RATON TRUST,['http://cdn.wallapop.com/images/10420/el/q1/__/c10420p883012877/i3189012837.jpg?pictureSize=W800']
Rat√≥n Logitech B100,['http://cdn.wallapop.com/images/10420/el/pj/__/c10420p882990236/i3188907662.jpg?pictureSize=W800']
Rat√≥n de ordenador,['http://cdn.wallapop.com/images/10420/el/t6/__/c10420p883159291/i3189693953.jpg?pictureSize=W800']
almohadilla para rat√≥n ,['http://cdn.wallapop.com/images/10420/el/t1/__/c10420p883153277/i3189668325.jpg?pictureSize=W800']
Rat√≥n inal√°mbrico,['http://cdn.wallapop.com/images/10420/el/sr/__/c10420p883140099/i3189606603.jpg?pictureSize=W800']
Raton,['http://cdn.wallapop.com/images/10420/el/ri/__/c10420p883082467/i3189343038.jpg?pictureSize=W800']
RATON INALAMBRICOS BLUETOOTH Y USB ,['http://cdn.wallapop.com/images/10420/el/pi/__/c10420p882988786/i3188895673.jpg?pictureSize=W800']
Rat√≥n Gaming ,['http://cdn.wallapop.com/images/10420/el/nl/__/c10420p882899047/i3187416444.jpg?pictureSize=W800']
Magic Mouse,['http://cdn.wallapop.com/images/10420/el/nm/__/c10420p882901181/i3187425485.jpg?pictureSize=W800']
Rat√≥n Apple Magic Mouse,['http://cdn.wallapop.com/images/10420/el/l8/__/c10420p882789297/i3186904219.jpg?pictureSize=W800']
Apple Magic Mouse 2 - Color Gris Space Gray,['http://cdn.wallapop.com/images/10420/el/qy/__/c10420p883056092/i3189195440.jpg?pictureSize=W800']
Alfombrilla para rat√≥n/teclado (L),['http://cdn.wallapop.com/images/10420/el/tm/__/c10420p883181202/i3189786001.jpg?pictureSize=W800']
Raton Apple Magic Mouse 2,['http://cdn.wallapop.com/images/10420/el/lc/__/c10420p882793943/i3186926624.jpg?pictureSize=W800']
teclado y rat√≥n ,['http://cdn.wallapop.com/images/10420/el/s5/__/c10420p883111509/i3189482889.jpg?pictureSize=W800']
üíπRat√≥n Gamer GXT,['http://cdn.wallapop.com/images/10420/el/lw/__/c10420p882820804/i3187052236.jpg?pictureSize=W800']
Rat√≥n retroiluminado RGB con cable USB ,['http://cdn.wallapop.com/images/10420/el/tf/__/c10420p883171190/i3189742116.jpg?pictureSize=W800']
RAT√ìN INAL√ÅMBRICO LOGITECH,['http://cdn.wallapop.com/images/10420/el/m7/__/c10420p882834439/i3187116577.jpg?pictureSize=W800']
Rat√≥n Vertical Ordenador (Marca TRUST),['http://cdn.wallapop.com/images/10420/el/og/__/c10420p882939683/i3187585014.jpg?pictureSize=W800']
Teclado y rat√≥n inal√°mbrico nuevo,['http://cdn.wallapop.com/images/10420/el/t4/__/c10420p883157288/i3189685601.jpg?pictureSize=W800']
Raton Logitech Pebble M350,['http://cdn.wallapop.com/images/10420/el/ny/__/c10420p882916133/i3187495326.jpg?pictureSize=W800']
RATON MOUSE GAMING ,['http://cdn.wallapop.com/images/10420/el/hr/__/c10420p882626760/i3186160097.jpg?pictureSize=W800']
Rat√≥n Vertical Zelotes F-17,['http://cdn.wallapop.com/images/10420/el/n9/__/c10420p882883757/i3187346563.jpg?pictureSize=W800']
Tacens Levis Combo - Pack de teclado y rat√≥n ,['http://cdn.wallapop.com/images/10420/el/tt/__/c10420p883189439/i3189830022.jpg?pictureSize=W800']
PACK TECLADO Y RATON INALAMBRICO,['http://cdn.wallapop.com/images/10420/el/sh/__/c10420p883127516/i3189547023.jpg?pictureSize=W800']
Rat√≥n Razer Mamba Wireless,['http://cdn.wallapop.com/images/10420/el/lk/__/c10420p882805208/i3186987864.jpg?pictureSize=W800']
rat√≥n inalambrico,['http://cdn.wallapop.com/images/10420/el/j4/__/c10420p882690603/i3186414645.jpg?pictureSize=W800']
rat√≥n ,['http://cdn.wallapop.com/images/10420/el/g2/__/c10420p882548403/i3185842354.jpg?pictureSize=W800']
"teclado, rat√≥n, alfombrilla y cascos",['http://cdn.wallapop.com/images/10420/el/s1/__/c10420p883106742/i3189462323.jpg?pictureSize=W800']
Rat√≥n,['http://cdn.wallapop.com/images/10420/el/f3/__/c10420p882502813/i3185657352.jpg?pictureSize=W800']
rat√≥n inal√°mbrico ,['http://cdn.wallapop.com/images/10420/el/i1/__/c10420p882640751/i3186213795.jpg?pictureSize=W800']
rat√≥n para el ordenador ,['http://cdn.wallapop.com/images/10420/el/i0/__/c10420p882638844/i3186206081.jpg?pictureSize=W800']
rat√≥n gaming ,['http://cdn.wallapop.com/images/10420/el/hp/__/c10420p882624081/i3186148061.jpg?pictureSize=W800']
Teclado y rat√≥n inal√°mbricos (Logitech 470),['http://cdn.wallapop.com/images/10420/el/s4/__/c10420p883110641/i3189478862.jpg?pictureSize=W800']
Imac Finales 2013 + Escritorio + Teclado + Rat√≥n,['http://cdn.wallapop.com/images/10420/el/rv/__/c10420p883099433/i3189432243.jpg?pictureSize=W800']
DISCO DURO KESU 250GB+2 RATONES.,['http://cdn.wallapop.com/images/10420/el/nt/__/c10420p882909717/i3187466431.jpg?pictureSize=W800']
Raton Gaming,['http://cdn.wallapop.com/images/10420/el/fz/__/c10420p882544826/i3185828277.jpg?pictureSize=W800']
Rat√≥n Gaming ACER Nitro NMW810 nuevo,['http://cdn.wallapop.com/images/10420/el/nf/__/c10420p882891933/i3187383210.jpg?pictureSize=W800']
Raton RGB Gaming G-LAB Breathing LED,['http://cdn.wallapop.com/images/10420/el/my/__/c10420p882870125/i3187290795.jpg?pictureSize=W800']
Rat√≥n inal√°mbrico vertical ,['http://cdn.wallapop.com/images/10420/el/i2/__/c10420p882640893/i3186214285.jpg?pictureSize=W800']
Rat√≥n logi ,['http://cdn.wallapop.com/images/10420/el/ey/__/c10420p882496415/i3185631867.jpg?pictureSize=W800']
ALFOMBRA PARA RATON,['http://cdn.wallapop.com/images/10420/el/tn/__/c10420p883181430/i3189787246.jpg?pictureSize=W800']
rat√≥n inalambrico,['http://cdn.wallapop.com/images/10420/el/eb/__/c10420p882466338/i3185514812.jpg?pictureSize=W800']
Pack Lenovo poco usado Teclado y Raton inalambrico,['http://cdn.wallapop.com/images/10420/el/rt/__/c10420p883095944/i3189415071.jpg?pictureSize=W800']
raton gaming,['http://cdn.wallapop.com/images/10420/el/eo/__/c10420p882482965/i3185579311.jpg?pictureSize=W800']
Rat√≥n Gaming,['http://cdn.wallapop.com/images/10420/el/e4/__/c10420p882457319/i3185473733.jpg?pictureSize=W800']
"Pack Teclado + Rat√≥n - Trust Ziva 22025, Inal√°mbri",['http://cdn.wallapop.com/images/10420/el/rq/__/c10420p883092844/i3189398498.jpg?pictureSize=W800']
√Ålbum de Mini Mouse y Mikey Mouse,['http://cdn.wallapop.com/images/10420/el/tc/__/c10420p883167247/i3189726116.jpg?pictureSize=W800']
Rat√≥n inal√°mbrico NUEVO,['http://cdn.wallapop.com/images/10420/el/f9/__/c10420p882511129/i3185690729.jpg?pictureSize=W800']
Rat√≥n inal√°mbrico Bluetooth NUEVO,['http://cdn.wallapop.com/images/10420/el/ia/__/c10420p882651579/i3186256109.jpg?pictureSize=W800']
Rat√≥n de ordenador ,['http://cdn.wallapop.com/images/10420/el/sv/__/c10420p883145957/i3189633152.jpg?pictureSize=W800']
El d√≠a del rat√≥n,['http://cdn.wallapop.com/images/10420/el/sp/__/c10420p883137539/i3189594905.jpg?pictureSize=W800']
Rat√≥n Dell Original,['http://cdn.wallapop.com/images/10420/el/e3/__/c10420p882455668/i3185462086.jpg?pictureSize=W800']
"Rat√≥n inalambricos Bluetooth NUEVO, SIN ESTRENAR ",['http://cdn.wallapop.com/images/10420/el/pi/__/c10420p882988394/i3188891474.jpg?pictureSize=W800']
Rat√≥n Microsoft Surface Mobile Mouse ,['http://cdn.wallapop.com/images/10420/el/ce/__/c10420p882376434/i3185043915.jpg?pictureSize=W800']
Rat√≥n Razer Naga X para reparar ,['http://cdn.wallapop.com/images/10420/el/j0/__/c10420p882686125/i3186397477.jpg?pictureSize=W800']
webcam + ratones,['http://cdn.wallapop.com/images/10420/el/nd/__/c10420p882888356/i3187366515.jpg?pictureSize=W800']
Rat√≥n gamming Genesis Krypton750,['http://cdn.wallapop.com/images/10420/el/ih/__/c10420p882660796/i3186293002.jpg?pictureSize=W800']
Rat√≥n inalambrico.,['http://cdn.wallapop.com/images/10420/el/ce/__/c10420p882376668/i3185044896.jpg?pictureSize=W800']
Castas Mikey Mouse. ,['http://cdn.wallapop.com/images/10420/el/t6/__/c10420p883160162/i3189697600.jpg?pictureSize=W800']
Rat√≥n Targus,['http://cdn.wallapop.com/images/10420/el/c5/__/c10420p882365912/i3185002343.jpg?pictureSize=W800']
"RAT√ìN √ìPTICO USB DELL

",['http://cdn.wallapop.com/images/10420/el/ez/__/c10420p882497473/i3185635897.jpg?pictureSize=W800']
Rat√≥n inal√°mbrico,['http://cdn.wallapop.com/images/10420/el/bs/__/c10420p882349018/i3184937758.jpg?pictureSize=W800']
Rat√≥n MC-100 marca hama,['http://cdn.wallapop.com/images/10420/el/hl/__/c10420p882619271/i3186129078.jpg?pictureSize=W800']
Rat√≥n ordenador,['http://cdn.wallapop.com/images/10420/el/bd/__/c10420p882328508/i3184856122.jpg?pictureSize=W800']
RATON INALAMBRICOS BLUETOOTH Y USB SIN ESTRENAR,['http://cdn.wallapop.com/images/10420/el/pi/__/c10420p882988512/i3188892896.jpg?pictureSize=W800']
Benq ZOWIE Camade II (mouse bungee),['http://cdn.wallapop.com/images/10420/el/j2/__/c10420p882687509/i3186402799.jpg?pictureSize=W800']
raton genius,['http://cdn.wallapop.com/images/10420/el/a2/__/c10420p882267779/i3184606242.jpg?pictureSize=W800']
Rat√≥n Fujitsu,['http://cdn.wallapop.com/images/10420/el/9d/__/c10420p882235878/i3184440248.jpg?pictureSize=W800']
Magic Mouse 2 | Rat√≥n Apple ,['http://cdn.wallapop.com/images/10420/el/8a/__/c10420p882185484/i3184113609.jpg?pictureSize=W800']
Rat√≥n logitech G502 como nuevo!!,['http://cdn.wallapop.com/images/10420/el/fn/__/c10420p882528055/i3185761235.jpg?pictureSize=W800']
√Ålbum de Mikey Mouse. Disney,['http://cdn.wallapop.com/images/10420/el/ta/__/c10420p883164950/i3189716664.jpg?pictureSize=W800']
Raton inal√°mbrico para zurdos,['http://cdn.wallapop.com/images/10420/el/ch/__/c10420p882381497/i3185064236.jpg?pictureSize=W800']
Rat√≥n Razer Naga X nuevo en caja sellada,['http://cdn.wallapop.com/images/10420/el/j1/__/c10420p882686970/i3186400739.jpg?pictureSize=W800']
Rat√≥n ordenador Microsoft,['http://cdn.wallapop.com/images/10420/el/bh/__/c10420p882334234/i3184877387.jpg?pictureSize=W800']
Raton ordenador Lenovo,['http://cdn.wallapop.com/images/10420/el/bg/__/c10420p882332729/i3184871692.jpg?pictureSize=W800']
Rat√≥n inal√°mbrico Xiaomi,['http://cdn.wallapop.com/images/10420/el/br/__/c10420p882347535/i3184931484.jpg?pictureSize=W800']
FIGURA MICKEY MOUSE ROCK,['http://cdn.wallapop.com/images/10420/el/sv/__/c10420p883146106/i3189634079.jpg?pictureSize=W800']
4 puzzles Mickey Mouse NUEVO,['http://cdn.wallapop.com/images/10420/el/tp/__/c10420p883183830/i3189798814.jpg?pictureSize=W800']
Rat√≥n P√©rez ,['http://cdn.wallapop.com/images/10420/el/qn/__/c10420p883042524/i3189137067.jpg?pictureSize=W800']
Alfombrilla rat√≥n ,['http://cdn.wallapop.com/images/10420/el/qm/__/c10420p883040140/i3189127269.jpg?pictureSize=W800']
Pendientes raton ,['http://cdn.wallapop.com/images/10420/el/qk/__/c10420p883037794/i3189117743.jpg?pictureSize=W800']
Teclado y raton havit,['http://cdn.wallapop.com/images/10420/el/ni/__/c10420p882895974/i3187402827.jpg?pictureSize=W800']
Rat√≥n √ìptico APPLE ,['http://cdn.wallapop.com/images/10420/el/li/__/c10420p882802033/i3186971643.jpg?pictureSize=W800']
Logitech G203 Lightsync Gaming Mouse,['http://cdn.wallapop.com/images/10420/el/dz/__/c10420p882451097/i3185439253.jpg?pictureSize=W800']
Raton gaming ,['http://cdn.wallapop.com/images/10420/el/jg/__/c10420p882706580/i3186493053.jpg?pictureSize=W800']
Rat√≥n HP Modguo,['http://cdn.wallapop.com/images/10420/el/97/__/c10420p882227563/i3184408075.jpg?pictureSize=W800']
Rat√≥n Gaming 6 botones.,['http://cdn.wallapop.com/images/10420/el/bw/__/c10420p882353510/i3184955834.jpg?pictureSize=W800']
Rat√≥n  inal√°mbrico Bluetooth Usb,['http://cdn.wallapop.com/images/10420/el/bv/__/c10420p882352848/i3184953359.jpg?pictureSize=W800']
Rat√≥n inalambrico,['http://cdn.wallapop.com/images/10420/el/6g/__/c10420p882099534/i3183529460.jpg?pictureSize=W800']
Velas infantiles Disney. Mickey Mouse. 5,['http://cdn.wallapop.com/images/10420/el/td/__/c10420p883169431/i3189735165.jpg?pictureSize=W800']
RAT√ìN ORDENADOR ,['http://cdn.wallapop.com/images/10420/el/5t/__/c10420p882070319/i3183396860.jpg?pictureSize=W800']
Raton Ergon√≥mico nuevo,['http://cdn.wallapop.com/images/10420/el/k5/__/c10420p882738988/i3186668732.jpg?pictureSize=W800']
Rat√≥n Razer Viper Mini,['http://cdn.wallapop.com/images/10420/el/a5/__/c10420p882272535/i3184626332.jpg?pictureSize=W800']
Jaulas para cria de ratones o conejos,['http://cdn.wallapop.com/images/10420/el/ss/__/c10420p883141193/i3189611513.jpg?pictureSize=W800']
Rat√≥n Logitech G203,['http://cdn.wallapop.com/images/10420/el/a1/__/c10420p882267408/i3184604456.jpg?pictureSize=W800']
Rat√≥n Logitech MX M√°ster 3 ,['http://cdn.wallapop.com/images/10420/el/ci/__/c10420p882381612/i3185064626.jpg?pictureSize=W800']
rat√≥n gaming Logitech hero 402,['http://cdn.wallapop.com/images/10420/el/co/__/c10420p882389544/i3185098325.jpg?pictureSize=W800']
Rat√≥n PC,['http://cdn.wallapop.com/images/10420/el/4p/__/c10420p882017673/i3183146133.jpg?pictureSize=W800']
‚úÖ Teclado y rat√≥n inal√°mbricos ‚å®Ô∏è,['http://cdn.wallapop.com/images/10420/el/nc/__/c10420p882888231/i3187366023.jpg?pictureSize=W800']
Logitech G PRO X SUPERLIGHT Rat√≥n Gaming,['http://cdn.wallapop.com/images/10420/el/f6/__/c10420p882506340/i3185671502.jpg?pictureSize=W800']
Magic Mouse 2 Blanco Perfecto Estado  ,['http://cdn.wallapop.com/images/10420/el/d6/__/c10420p882413284/i3185250257.jpg?pictureSize=W800']
Rat√≥n Gamer,['http://cdn.wallapop.com/images/10420/el/4p/__/c10420p882018037/i3183147632.jpg?pictureSize=W800']
Rat√≥n Limeide,['http://cdn.wallapop.com/images/10420/el/42/__/c10420p881987694/i3183006291.jpg?pictureSize=W800']
"NGS Haze - Rat√≥n √ìptico Inal√°mbrico 2.4GHz, Rat√≥n ",['http://cdn.wallapop.com/images/10420/el/89/__/c10420p882183944/i3184098888.jpg?pictureSize=W800']
Vela infantil Disney. Mickey Mouse N√∫mero 0,['http://cdn.wallapop.com/images/10420/el/td/__/c10420p883168783/i3189732473.jpg?pictureSize=W800']
raton gamer,['http://cdn.wallapop.com/images/10420/el/3a/__/c10420p881951445/i3182816191.jpg?pictureSize=W800']
"Raton inal√°mbrico con bluetooth ,trust .",['http://cdn.wallapop.com/images/10420/el/l7/__/c10420p882788269/i3186899382.jpg?pictureSize=W800']
Rat√≥n de ordenador nuevo a estrenar con cable,['http://cdn.wallapop.com/images/10420/el/bw/__/c10420p882353903/i3184957334.jpg?pictureSize=W800']
rat√≥n USB cable de 1.5m con mousepad,['http://cdn.wallapop.com/images/10420/el/oz/__/c10420p882964585/i3187713873.jpg?pictureSize=W800']
RAT√ìN INAL√ÅMBRICO APPROX NUEVO,['http://cdn.wallapop.com/images/10420/el/80/__/c10420p882172763/i3184047619.jpg?pictureSize=W800']
"Rat√≥n Basilisk X Hyperspeed, rat√≥n gaming",['http://cdn.wallapop.com/images/10420/el/43/__/c10420p881989609/i3183013989.jpg?pictureSize=W800']
Leggings mujer Mickey mouse Disney talla S,['http://cdn.wallapop.com/images/10420/el/t5/__/c10420p883158658/i3189691274.jpg?pictureSize=W800']
Funko Pop! Mickey Mouse 10 pulgadas - Disney,['http://cdn.wallapop.com/images/10420/el/t0/__/c10420p883152459/i3189664991.jpg?pictureSize=W800']
Rat√≥n Logitech M650 blanco manos medianas peque√±as,['http://cdn.wallapop.com/images/10420/el/ec/__/c10420p882467681/i3185520218.jpg?pictureSize=W800']
Rat√≥n Logitech G403 Hero,['http://cdn.wallapop.com/images/10420/el/av/__/c10420p882306204/i3184767764.jpg?pictureSize=W800']
rat√≥n inal√°mbrico azul nuevo ,['http://cdn.wallapop.com/images/10420/el/kf/__/c10420p882751150/i3186745345.jpg?pictureSize=W800']
Raton para pc,['http://cdn.wallapop.com/images/10420/el/ii/__/c10420p882662435/i3186299532.jpg?pictureSize=W800']
Teclado y rat√≥n inal√°mbrico ,['http://cdn.wallapop.com/images/10420/el/jo/__/c10420p882716920/i3186532285.jpg?pictureSize=W800']
Mesita y sillas Mickey Mouse,['http://cdn.wallapop.com/images/10420/el/rg/__/c10420p883079941/i3189325901.jpg?pictureSize=W800']
"DAREU-rat√≥n silencioso vip LM109, ",['http://cdn.wallapop.com/images/10420/el/s3/__/c10420p883108668/i3189470345.jpg?pictureSize=W800']
correpasillos whelly bug rat√≥n ,['http://cdn.wallapop.com/images/10420/el/ql/__/c10420p883039354/i3189124054.jpg?pictureSize=W800']
Rat√≥n Cherry ,['http://cdn.wallapop.com/images/10420/el/1v/__/c10420p881886236/i3182389483.jpg?pictureSize=W800']
alfombrilla Rat√≥n 79x30,['http://cdn.wallapop.com/images/10420/el/l0/__/c10420p882778844/i3186855919.jpg?pictureSize=W800']
pijamas de Mickey mouse ,['http://cdn.wallapop.com/images/10420/el/pg/__/c10420p882986772/i3188850083.jpg?pictureSize=W800']
Apple Magic Mouse 2a generaci√≥n perfecto estado,['http://cdn.wallapop.com/images/10420/el/d5/__/c10420p882412440/i3185246234.jpg?pictureSize=W800']
Rat√≥n Logitech G703 Lightspeed Inalambrico,['http://cdn.wallapop.com/images/10420/el/au/__/c10420p882303974/i3184758313.jpg?pictureSize=W800']
Rat√≥n ordenador ,['http://cdn.wallapop.com/images/10420/ek/yr/__/c10420p881740193/i3181734018.jpg?pictureSize=W800']
 Pasa el rat√≥n por encima de la imagen para amplia,['http://cdn.wallapop.com/images/10420/el/qv/__/c10420p883052068/i3189176008.jpg?pictureSize=W800']
RAT√ìN BLUETOOTH ,['http://cdn.wallapop.com/images/10420/ek/za/__/c10420p881765084/i3181848855.jpg?pictureSize=W800']
Rat√≥n G402,['http://cdn.wallapop.com/images/10420/el/j2/__/c10420p882687865/i3186404143.jpg?pictureSize=W800']
rat√≥n hp con cable usb,['http://cdn.wallapop.com/images/10420/el/56/__/c10420p882040588/i3183245948.jpg?pictureSize=W800']
cama 140x70 Mickey mouse  ,['http://cdn.wallapop.com/images/10420/el/ri/__/c10420p883081896/i3189339136.jpg?pictureSize=W800']
"rat√≥n para pc, ordenador o port√°til con cable",['http://cdn.wallapop.com/images/10420/el/l8/__/c10420p882788921/i3186902701.jpg?pictureSize=W800']
Rat√≥n lego ,['http://cdn.wallapop.com/images/10420/el/ev/__/c10420p882492826/i3185618114.jpg?pictureSize=W800']
Rat√≥n Rainbow con luz,['http://cdn.wallapop.com/images/10420/el/22/__/c10420p881894964/i3182432055.jpg?pictureSize=W800']
Alfombra rat√≥n ,['http://cdn.wallapop.com/images/10420/el/ex/__/c10420p882494639/i3185625299.jpg?pictureSize=W800']
Magic Mouse,['http://cdn.wallapop.com/images/10420/ek/xy/__/c10420p881702496/i3181571204.jpg?pictureSize=W800']
zapatillas casa mickey mouse,['http://cdn.wallapop.com/images/10420/el/pq/__/c10420p882998810/i3188948246.jpg?pictureSize=W800']
Combo teclado + rat√≥n,['http://cdn.wallapop.com/images/10420/el/hp/__/c10420p882624300/i3186148987.jpg?pictureSize=W800']
Chaqueta Mickey Mouse de Disney ,['http://cdn.wallapop.com/images/10420/el/pm/__/c10420p882993600/i3188926689.jpg?pictureSize=W800']
rat√≥n commodore 64,['http://cdn.wallapop.com/images/10420/el/hn/__/c10420p882621615/i3186138368.jpg?pictureSize=W800']
Rat√≥n Corsair RGB Elite MOBA MMO Gaming,['http://cdn.wallapop.com/images/10420/el/ad/__/c10420p882282282/i3184663768.jpg?pictureSize=W800']
Rat√≥n Ordenador,['http://cdn.wallapop.com/images/10420/ek/w4/__/c10420p881617455/i3181042815.jpg?pictureSize=W800']
Teclado y rat√≥n Apple,['http://cdn.wallapop.com/images/10420/el/j8/__/c10420p882695382/i3186440257.jpg?pictureSize=W800']
Rat√≥n √≥ptico inal√°mbrico,['http://cdn.wallapop.com/images/10420/el/0q/__/c10420p881832214/i3182144146.jpg?pictureSize=W800']
"TECLADO DE 10"" Y RATON BLUETOOTH ",['http://cdn.wallapop.com/images/10420/el/6j/__/c10420p882104242/i3183553800.jpg?pictureSize=W800']
Raton Logitech ,['http://cdn.wallapop.com/images/10420/ek/vx/__/c10420p881607988/i3181003224.jpg?pictureSize=W800']
Magic mouse,['http://cdn.wallapop.com/images/10420/ek/vo/__/c10420p881597164/i3180947037.jpg?pictureSize=W800']
Rat√≥n Gaming Kult 100,['http://cdn.wallapop.com/images/10420/el/2m/__/c10420p881920411/i3182652199.jpg?pictureSize=W800']
Raton Microsoft surface ,['http://cdn.wallapop.com/images/10420/ek/zr/__/c10420p881787500/i3181957638.jpg?pictureSize=W800']
Rat√≥n HP con cable,['http://cdn.wallapop.com/images/10420/ek/yu/__/c10420p881745180/i3181760484.jpg?pictureSize=W800']
Rat√≥n Mac,['http://cdn.wallapop.com/images/10420/ek/uo/__/c10420p881549743/i3180754917.jpg?pictureSize=W800']
Legion M7 rat√≥n gaming,['http://cdn.wallapop.com/images/10420/el/5f/__/c10420p882052359/i3183311983.jpg?pictureSize=W800']
rat√≥n de ordenador ,['http://cdn.wallapop.com/images/10420/ek/to/__/c10420p881503178/i3180560679.jpg?pictureSize=W800']
Teclado y rat√≥n Microsoft,['http://cdn.wallapop.com/images/10420/el/ib/__/c10420p882653461/i3186263874.jpg?pictureSize=W800']
Mouse/rat√≥n gamer ,['http://cdn.wallapop.com/images/10420/ek/k3/__/c10420p881055838/i3177964759.jpg?pictureSize=W800']
Alfombrilla rat√≥n foto personalizada,['http://cdn.wallapop.com/images/10420/el/26/__/c10420p881900497/i3182475809.jpg?pictureSize=W800']
Rat√≥n Gaming Nuevo ,['http://cdn.wallapop.com/images/10420/ek/wt/__/c10420p881649907/i3181295898.jpg?pictureSize=W800']
RATON GAMING RGB TRUST GXT 2000DPI COMO NUEVO,['http://cdn.wallapop.com/images/10420/el/9v/__/c10420p882258952/i3184557540.jpg?pictureSize=W800']
"Razer Naga Trinity, rat√≥n gamer",['http://cdn.wallapop.com/images/10420/el/42/__/c10420p881988723/i3183010371.jpg?pictureSize=W800']
Rat√≥n Logitech G502 ,['http://cdn.wallapop.com/images/10420/el/1a/__/c10420p881859231/i3182268338.jpg?pictureSize=W800']
Rat√≥n inal√°mbrico Trust ,['http://cdn.wallapop.com/images/10420/ek/x4/__/c10420p881664249/i3181350916.jpg?pictureSize=W800']
Jeans Mickey Mouse bsk ,['http://cdn.wallapop.com/images/10420/el/p9/__/c10420p882977193/i3188379484.jpg?pictureSize=W800']
Raton inalambrico acer wireless Rf2. 4G,['http://cdn.wallapop.com/images/10420/el/8p/__/c10420p882205275/i3184290208.jpg?pictureSize=W800']
Rat√≥n √≥ptico lenovo de cable ,['http://cdn.wallapop.com/images/10420/ek/zu/__/c10420p881791613/i3181978057.jpg?pictureSize=W800']
Rat√≥n blanco con colores,['http://cdn.wallapop.com/images/10420/ek/w9/__/c10420p881623923/i3181089171.jpg?pictureSize=W800']
teclado y raton daniel,['http://cdn.wallapop.com/images/10420/el/gc/__/c10420p882561421/i3185896095.jpg?pictureSize=W800']
Raton DELL nuevo,['http://cdn.wallapop.com/images/10420/el/eh/__/c10420p882473657/i3185543185.jpg?pictureSize=W800']
Teclado + rat√≥n HP nuevos sin usar,['http://cdn.wallapop.com/images/10420/el/iw/__/c10420p882680097/i3186372780.jpg?pictureSize=W800']
Rat√≥n y l√°piz Apple ,['http://cdn.wallapop.com/images/10420/ek/z3/__/c10420p881756387/i3181814921.jpg?pictureSize=W800']
Juego de funda nordica La Casa de Mickey Mouse 90 ,['http://cdn.wallapop.com/images/10420/el/qm/__/c10420p883040748/i3189129819.jpg?pictureSize=W800']
"Rat√≥n Razer Viper V2 Pro, 1 mes uso en garant√≠a. ",['http://cdn.wallapop.com/images/10420/el/na/__/c10420p882884862/i3187350959.jpg?pictureSize=W800']
Apple Magic Mouse 2,['http://cdn.wallapop.com/images/10420/ek/yu/__/c10420p881745026/i3181759836.jpg?pictureSize=W800']
cadena de 65 cm de plata modelo cola de rat√≥n ,['http://cdn.wallapop.com/images/10420/el/q9/__/c10420p883024250/i3189062784.jpg?pictureSize=W800']
Pin Mickey Mouse ,['http://cdn.wallapop.com/images/10420/el/or/__/c10420p882954362/i3187663034.jpg?pictureSize=W800']
teclado y rat√≥n bluetooth para m√≥vil y tablet,['http://cdn.wallapop.com/images/10420/el/q3/__/c10420p883016482/i3189028698.jpg?pictureSize=W800']
Mouse Microsoft Surface Arc Bluetooh ,['http://cdn.wallapop.com/images/10420/el/0p/__/c10420p881831745/i3182142137.jpg?pictureSize=W800']
Rat√≥n gaming ,['http://cdn.wallapop.com/images/10420/ek/me/__/c10420p881164201/i3178506037.jpg?pictureSize=W800']
Teclado y rat√≥n bluetooth ,['http://cdn.wallapop.com/images/10420/el/ed/__/c10420p882469544/i3185527395.jpg?pictureSize=W800']
Rat√≥n logitech superlight ,['http://cdn.wallapop.com/images/10420/ek/r7/__/c10420p881388662/i3180059976.jpg?pictureSize=W800']
Teclado y rat√≥n inal√°mbrico rosa,['http://cdn.wallapop.com/images/10420/el/go/__/c10420p882576867/i3185959712.jpg?pictureSize=W800']
Rat√≥n ¬°NUEVO!,['http://cdn.wallapop.com/images/10420/ek/l0/__/c10420p881099759/i3178203977.jpg?pictureSize=W800']
Rat√≥n HP nuevo a estrenar,['http://cdn.wallapop.com/images/10420/el/eh/__/c10420p882473956/i3185544409.jpg?pictureSize=W800']
Raton Tecknet UM017,['http://cdn.wallapop.com/images/10420/el/eg/__/c10420p882473175/i3185541358.jpg?pictureSize=W800']
Mouse Roccat Kone 16000 dpi ,['http://cdn.wallapop.com/images/10420/el/go/__/c10420p882576394/i3185957994.jpg?pictureSize=W800']
teclado y raton mac de  bateria ,['http://cdn.wallapop.com/images/10420/el/0e/__/c10420p881817483/i3182082503.jpg?pictureSize=W800']
Rat√≥n gaming ,['http://cdn.wallapop.com/images/10420/el/9l/__/c10420p882245973/i3184485024.jpg?pictureSize=W800']
Almohadilla rat√≥n ,['http://cdn.wallapop.com/images/10420/el/9y/__/c10420p882263174/i3184595798.jpg?pictureSize=W800']
Raton para ordenadores,['http://cdn.wallapop.com/images/10420/el/9o/__/c10420p882250160/i3184511578.jpg?pictureSize=W800']
Raton para ordenador,['http://cdn.wallapop.com/images/10420/el/9p/__/c10420p882251054/i3184515290.jpg?pictureSize=W800']
RATON BLUETOOTH LED,['http://cdn.wallapop.com/images/10420/el/cd/__/c10420p882376293/i3185043317.jpg?pictureSize=W800']
"Bomba de aire Acuario Amtra Mouse 5, Nueva.",['http://cdn.wallapop.com/images/10420/el/pi/__/c10420p882988286/i3188889986.jpg?pictureSize=W800']
Conjunto minnie mouse ,['http://cdn.wallapop.com/images/10420/el/ni/__/c10420p882895698/i3189075671.jpg?pictureSize=W800']
"Apple Magic Mouse, Rat√≥n inal√°mbrico blanco",['http://cdn.wallapop.com/images/10420/ek/jc/__/c10420p881021169/i3177758584.jpg?pictureSize=W800']
Mouse Razer Basilisk X Hyperseed,['http://cdn.wallapop.com/images/10420/el/fg/__/c10420p882519391/i3185724196.jpg?pictureSize=W800']
Apple magic mouse 2 - space grey,['http://cdn.wallapop.com/images/10420/el/ht/__/c10420p882629446/i3186169069.jpg?pictureSize=W800']
conjunto minnie mouse,['http://cdn.wallapop.com/images/10420/el/nf/__/c10420p882891753/i3187394543.jpg?pictureSize=W800']
Teclado y Rat√≥n Mars Gaming ,['http://cdn.wallapop.com/images/10420/el/es/__/c10420p882488377/i3185600673.jpg?pictureSize=W800']
Magic mouse superficie multi touch negro,['http://cdn.wallapop.com/images/10420/el/1d/__/c10420p881862441/i3182281103.jpg?pictureSize=W800']
Magic Mouse Apple ,['http://cdn.wallapop.com/images/10420/ek/ob/__/c10420p881254033/i3178890358.jpg?pictureSize=W800']
RATON INALAMBRICO,['http://cdn.wallapop.com/images/10420/ek/hj/__/c10420p880937392/i3176385140.jpg?pictureSize=W800']
Magic Mouse Apple ,['http://cdn.wallapop.com/images/10420/ek/n6/__/c10420p881200791/i3178655109.jpg?pictureSize=W800']
"Malet√≠n 17"" y rat√≥n estrenar ",['http://cdn.wallapop.com/images/10420/el/fj/__/c10420p882523547/i3185742799.jpg?pictureSize=W800']
Rat√≥n Logitech g203,['http://cdn.wallapop.com/images/10420/ek/u3/__/c10420p881522957/i3180645555.jpg?pictureSize=W800']
Rat√≥n gaming,['http://cdn.wallapop.com/images/10420/ek/hx/__/c10420p880955977/i3176467579.jpg?pictureSize=W800']
Rat√≥n Dell,['http://cdn.wallapop.com/images/10420/ek/iq/__/c10420p880993176/i3176631239.jpg?pictureSize=W800']
RATON DE ORDENADOR LUMINOSO,['http://cdn.wallapop.com/images/10420/ek/o5/__/c10420p881246011/i3178857874.jpg?pictureSize=W800']
Magic Mouse 1,['http://cdn.wallapop.com/images/10420/ek/ml/__/c10420p881173642/i3178548193.jpg?pictureSize=W800']
raton - mouse Logitech M510 inalambrico unifying ,['http://cdn.wallapop.com/images/10420/ek/l9/__/c10420p881110430/i3178256817.jpg?pictureSize=W800']
Magic Mouse 1,['http://cdn.wallapop.com/images/10420/ek/mm/__/c10420p881174732/i3178553439.jpg?pictureSize=W800']
Rat√≥n Pro Gaming  Qpad DX-120,['http://cdn.wallapop.com/images/10420/ek/zt/__/c10420p881789645/i3181968269.jpg?pictureSize=W800']
Peluche de Micky Mouse,['http://cdn.wallapop.com/images/10420/el/m2/__/c10420p882828426/i3187084029.jpg?pictureSize=W800']
Set 3 lienzos Michey  Mouse. Cuadros ,['http://cdn.wallapop.com/images/10420/el/p8/__/c10420p882975756/i3188171638.jpg?pictureSize=W800']
Port√°til Compaq + Rat√≥n y maletin de regalo,['http://cdn.wallapop.com/images/10420/el/gz/__/c10420p882590706/i3186016024.jpg?pictureSize=W800']
Rat√≥n ,['http://cdn.wallapop.com/images/10420/el/4h/__/c10420p882007124/i3183092472.jpg?pictureSize=W800']
Rat√≥n de ordenador nuevo.,['http://cdn.wallapop.com/images/10420/el/bf/__/c10420p882332083/i3184869470.jpg?pictureSize=W800']
Rat√≥n de Cable USB ,['http://cdn.wallapop.com/images/10420/ek/n2/__/c10420p881195509/i3178633364.jpg?pictureSize=W800']
mouse pad,['http://cdn.wallapop.com/images/10420/ek/gq/__/c10420p880899360/i3176213094.jpg?pictureSize=W800']
Rat√≥n Inal√°mbrico Logitech m185,['http://cdn.wallapop.com/images/10420/ek/w8/__/c10420p881622245/i3181074850.jpg?pictureSize=W800']
pack teclado rat√≥n Logitech Performance MK850,['http://cdn.wallapop.com/images/10420/el/23/__/c10420p881896102/i3182761855.jpg?pictureSize=W800']
teclado inanambrico con rat√≥n ,['http://cdn.wallapop.com/images/10420/el/a4/__/c10420p882270216/i3184616344.jpg?pictureSize=W800']
raton gamer luz rgb colacao,['http://cdn.wallapop.com/images/10420/ek/w0/__/c10420p881612497/i3181024217.jpg?pictureSize=W800']
Rat√≥n con cable ,['http://cdn.wallapop.com/images/10420/ek/f9/__/c10420p880830873/i3175903939.jpg?pictureSize=W800']
LG Magic mouse remoto mando LG Magic remote MR600,['http://cdn.wallapop.com/images/10420/el/qp/__/c10420p883044040/i3189143207.jpg?pictureSize=W800']
Rat√≥n Gamer razer,['http://cdn.wallapop.com/images/10420/ek/ln/__/c10420p881129387/i3178347297.jpg?pictureSize=W800']
Teclado kensington + rat√≥n,['http://cdn.wallapop.com/images/10420/el/93/__/c10420p882222638/i3184388995.jpg?pictureSize=W800']
charm Mickey mouse ,['http://cdn.wallapop.com/images/10420/el/lf/__/c10420p882797924/i3186949365.jpg?pictureSize=W800']
charm Minnie mouse ,['http://cdn.wallapop.com/images/10420/el/le/__/c10420p882796463/i3186940346.jpg?pictureSize=W800']
Mickey Mouse t. M,['http://cdn.wallapop.com/images/10420/el/n0/__/c10420p882872259/i3187298936.jpg?pictureSize=W800']
Teclado y Raton Inalambrico,['http://cdn.wallapop.com/images/10420/el/c7/__/c10420p882368419/i3185011994.jpg?pictureSize=W800']
Teclado y rat√≥n para Gaming,['http://cdn.wallapop.com/images/10420/el/c1/__/c10420p882359710/i3184978213.jpg?pictureSize=W800']
Rat√≥n Razer Abyssus v2,['http://cdn.wallapop.com/images/10420/ek/su/__/c10420p881464755/i3180394991.jpg?pictureSize=W800']
PELOTITA MIGHTY MOUSE,['http://cdn.wallapop.com/images/10420/el/lk/__/c10420p882805122/i3186987340.jpg?pictureSize=W800']
"Logitech Lift, rat√≥n inal√°mbrico nuevo",['http://cdn.wallapop.com/images/10420/ek/ts/__/c10420p881508689/i3180586498.jpg?pictureSize=W800']
botas minie mouse ,['http://cdn.wallapop.com/images/10420/el/kr/__/c10420p882767431/i3186809382.jpg?pictureSize=W800']
HP wireless premium mouse,['http://cdn.wallapop.com/images/10420/ek/n2/__/c10420p881195418/i3178633022.jpg?pictureSize=W800']
raton apple a1197,['http://cdn.wallapop.com/images/10420/el/b5/__/c10420p882318345/i3184817156.jpg?pictureSize=W800']
raton inalambrico,['http://cdn.wallapop.com/images/10420/el/67/__/c10420p882088571/i3183474047.jpg?pictureSize=W800']
Gaming mouse Rog Spatha,['http://cdn.wallapop.com/images/10420/ek/m5/__/c10420p881152937/i3178451003.jpg?pictureSize=W800']
Apple Magic Mouse 3,['http://cdn.wallapop.com/images/10420/ek/n2/__/c10420p881195144/i3178631979.jpg?pictureSize=W800']
RATON GAMING ORDENADOR ESG M5 INTERCAMBIABLE,['http://cdn.wallapop.com/images/10420/el/ga/__/c10420p882558553/i3185884384.jpg?pictureSize=W800']
Rat√≥n hp,['http://cdn.wallapop.com/images/10420/el/4y/__/c10420p882029725/i3183193759.jpg?pictureSize=W800']
Raton Logitech G305,['http://cdn.wallapop.com/images/10420/ek/n5/__/c10420p881198854/i3178646740.jpg?pictureSize=W800']
Monedero Minnie Mouse Disneyland Par√≠s,['http://cdn.wallapop.com/images/10420/el/nq/__/c10420p882905667/i3187448498.jpg?pictureSize=W800']
stor mickey mouse ,['http://cdn.wallapop.com/images/10420/el/ke/__/c10420p882750615/i3186743171.jpg?pictureSize=W800']
rat√≥n inal√°mbrico ,['http://cdn.wallapop.com/images/10420/ek/5p/__/c10420p880384716/i3172710489.jpg?pictureSize=W800']
Raton inal√°mbrico bluetooth  ,['http://cdn.wallapop.com/images/10420/ek/gd/__/c10420p880883262/i3176145353.jpg?pictureSize=W800']
Cleopatra y el rat√≥n P√©rez ,['http://cdn.wallapop.com/images/10420/el/m4/__/c10420p882831239/i3187097066.jpg?pictureSize=W800']
Teclado y Rat√≥n Gaming ,['http://cdn.wallapop.com/images/10420/el/ao/__/c10420p882296491/i3184724791.jpg?pictureSize=W800']
Rat√≥n Microsoft Surface Arc Mouse,['http://cdn.wallapop.com/images/10420/el/3g/__/c10420p881960089/i3182871922.jpg?pictureSize=W800']
Mickey Mouse t. 11-12 a√±os,['http://cdn.wallapop.com/images/10420/el/on/__/c10420p882948235/i3187628831.jpg?pictureSize=W800']
Mouse HP,['http://cdn.wallapop.com/images/10420/ek/5m/__/c10420p880381628/i3172690405.jpg?pictureSize=W800']
Teclado y rat√≥n inal√°mbricos Logitech,['http://cdn.wallapop.com/images/10420/el/cv/__/c10420p882399648/i3185139081.jpg?pictureSize=W800']
Mini rat√≥n y funda,['http://cdn.wallapop.com/images/10420/el/9y/__/c10420p882263434/i3184584717.jpg?pictureSize=W800']
Rat√≥n inal√°mbrico ,['http://cdn.wallapop.com/images/10420/ek/4b/__/c10420p880320514/i3172310223.jpg?pictureSize=W800']
Raton Logitech M185,['http://cdn.wallapop.com/images/10420/ek/jj/__/c10420p881030517/i3177789076.jpg?pictureSize=W800']
Pack Teclado y Rat√≥n Inal√°mbrico,['http://cdn.wallapop.com/images/10420/el/c7/__/c10420p882367934/i3185010101.jpg?pictureSize=W800']
10 ratones usb negros 20‚Ç¨ ,['http://cdn.wallapop.com/images/10420/el/c4/__/c10420p882363600/i3184993155.jpg?pictureSize=W800']
rat√≥n teclado mando htpc,['http://cdn.wallapop.com/images/10420/el/8u/__/c10420p882211591/i3184335625.jpg?pictureSize=W800']
Raton apple ,['http://cdn.wallapop.com/images/10420/el/4e/__/c10420p882003673/i3183076604.jpg?pictureSize=W800']
